{"episode_rewards": [-105.0, -84.0, -110.0, -89.0, -84.0, -104.0, -91.0, -108.0, -88.0, -106.0, -86.0, -104.0, -92.0, -104.0, -104.0], "mean": -97.26666666666667, "std": 9.291334074764984}