{"episode_rewards": [880.7885931558707, 853.0163742689881, 823.7543726235525, 890.2761904761695, 850.7803921568398, 380.6362369337804, 896.2285714285515, 892.6057553956629, 832.2758842443548, 199.48454258675025, 818.444067796593, 884.0519685039224, 765.8436137071456, 402.8487804877909, 832.0580645161165], "std": 216.17640390330192, "mean": 746.8728938854726}