{"episode_rewards": [896.0999999999805, 726.9288025889757, 877.2999999999865, 864.3999999999825, 825.1999999999679, 332.8951219512094, 889.79999999998, 787.199999999957, 903.2999999999894, 887.0999999999815, 884.5999999999882, 884.3999999999791, 882.5999999999877, 883.3999999999804, 875.6999999999757], "mean": 826.7282616359947, "std": 139.78025073588222}