{"episode_rewards": [666.0870503596963, 659.3501718212938, 700.1951310861313, 569.9336700336597, 673.4191637630533, 560.0941747572687, 671.8298245613878, 164.5483443708577, 64.69400749064167, 614.1857142857014, 501.9761245674681, 626.215789473669, 667.1727272727121, 346.2603773584827, 620.9031347962257], "std": 188.64372292255067, "mean": 540.4576937332166}