{"std": 2.643363345830725, "mean": -82.54298132554858, "episode_rewards": [-77.87777777777768, -82.85862068965471, -84.85609756097504, -83.48870431893637, -82.30640569394974, -84.8094801223236, -85.039759036144, -84.71538461538407, -84.42601880877689, -81.51263940520407, -75.79444444444447, -80.94291187739428, -83.26498316498268, -81.3030075187966, -84.94848484848427]}