{"episode_rewards": [876.6441860465007, 311.6647058823384, 869.7795180722769, 854.818032786865, 871.146006389763, 682.3561403508594, 874.2589743589584, 877.1727272727087, 545.5140350877026, 738.8830508474485, 834.0317365269285, 376.6801857585004, 862.2430962342911, 914.8999999999861, 518.6683284457345], "mean": 733.9173816040576, "std": 193.59200970280932}