{"mean": 664.9001654291976, "std": 122.05664154118773, "episode_rewards": [866.5666666666556, 575.4852842809231, 745.061290322571, 527.8069767441742, 647.503833865805, 693.2333333333213, 836.2295880149699, 731.2725490195925, 523.5933797909275, 571.0409395973062, 398.1698961937641, 738.0294964028633, 718.3713375796008, 745.5375838926037, 655.600325732887]}