{"episode_rewards": [636.4079365079244, 909.599999999985, 852.0912350597506, 709.2749999999875, 699.8999999999887, 855.619557195562, 736.7794326241008, 740.4315614617835, 892.5739926739811, 592.4465838509179, 880.594980694963, 789.5321070233955, 792.7571428571268, 716.566666666657, 709.4238095237988], "std": 92.41303981783427, "mean": 767.6000004093281}