{"std": 108.79845242126567, "episode_rewards": [396.92380952380216, 386.2945578231252, 317.6631578947337, 530.8963099630904, 785.3489164086587, 427.23118971060063, 448.28709677418544, 541.1213740457952, 353.5741214057479, 463.72978723403315, 500.67519379844146, 504.06666666666, 370.48823529411595, 403.3013605442129, 516.5134185303468], "mean": 463.0743463745033}