{"mean": 516.080582759164, "std": 203.35100108638198, "episode_rewards": [669.6594501718072, 560.4504587155841, 485.35454545453854, 346.4408805031328, 625.6525083611903, 643.394423791808, 730.7270676691563, 788.7888888888785, 53.77081850533969, 361.69401993353836, 586.4203761755358, 648.3662576687011, 138.79202657807534, 626.8841269841135, 474.8128919860598]}