{"std": 198.01350434483592, "episode_rewards": [591.9415224913391, 586.5666666666546, 797.8591836734535, 702.4889967637406, 245.41176470587584, 675.7620689655018, 688.9624999999858, 177.93548387096604, 773.3108614232137, 558.262989323835, 669.9729927007153, 669.6841726618552, 340.17303754264833, 320.2241877256266, 305.1044609665333], "mean": 540.2440592987963}