{"episode_rewards": [-61.90555555555636, -56.46363636363715, -67.95714285714337, -65.01228070175505, -81.17255520504693, -72.12797202797225, -70.06996996997034, -74.29354838709688, -71.93098591549318, -74.55255474452551, -72.22543554006941, -73.60993377483457, -78.8985865724379, -80.80739549839191, -61.93206106870296], "mean": -70.86397427884225, "std": 6.918167584998298}