{"mean": 776.8866666666262, "episode_rewards": [754.6999999999499, 884.9999999999877, 802.799999999967, 594.4999999999147, 822.3999999999763, 694.1999999999375, 886.799999999985, 669.099999999932, 905.0999999999888, 767.8999999999576, 889.9999999999876, 705.2999999999436, 695.7999999999417, 880.3999999999876, 699.2999999999397], "std": 95.3844981582092}