{"mean": 711.7609422977482, "std": 133.83068886903627, "episode_rewards": [781.1949640287622, 650.6418397626016, 751.6241379310202, 796.1962962962824, 319.0419141914076, 901.4999999999828, 795.8731543624014, 758.5572438162421, 659.0463414634024, 731.6152103559745, 758.4858585858437, 751.111072664351, 513.9939597315316, 788.0118881118744, 719.5202531645472]}