{"std": 100.29390317345019, "episode_rewards": [172.03114754098803, 438.962499999991, 257.0428571428607, 193.60629370629755, 354.7736462093817, 54.035338345868695, 189.28906752411996, 121.78449848024675, 292.63927392739197, 229.57032967032936, 247.72608695651925, 317.4438596491206, 357.64647887323633, 312.86928327644785, 129.7136645962772], "mean": 244.6089550599385}