{"episode_rewards": [-103.0, -101.0, -103.0, -106.0, -102.0, -102.0, -102.0, -103.0, -104.0, -86.0, -88.0, -103.0, -105.0, -105.0, -86.0], "mean": -99.93333333333334, "std": 6.767241354906411}