{"lr": 0.1, "num_filters": 16, "batch_size": 128, "learning_curve": [0.8996999859809875, 0.9071000218391418, 0.910099983215332, 0.9120000004768372, 0.9143000245094299, 0.9154000282287598, 0.9161999821662903, 0.9175999760627747, 0.9186000227928162, 0.9190999865531921, 0.9197999835014343, 0.9203000068664551], "test_error": 0.0842, "filter_size": 1}