{"lr": 0.01, "num_filters": 16, "batch_size": 128, "learning_curve": [0.9126999974250793, 0.9319999814033508, 0.9510999917984009, 0.9649999737739563, 0.9732999801635742, 0.9753999710083008, 0.9775999784469604, 0.9779999852180481, 0.9793000221252441, 0.9803000092506409, 0.9805999994277954, 0.9811000227928162], "test_error": 0.0184}