{"lr": 0.1, "num_filters": 16, "batch_size": 128, "learning_curve": [0.9659000039100647, 0.9746000170707703, 0.9789000153541565, 0.9817000031471252, 0.9830999970436096, 0.9847000241279602, 0.9857000112533569, 0.9858999848365784, 0.98580002784729, 0.9860000014305115, 0.9864000082015991, 0.9861000180244446], "test_error": 0.0124, "filter_size": 3}