{"lr": 0.1, "num_filters": 16, "batch_size": 128, "learning_curve": [0.9664000272750854, 0.9821000099182129, 0.9847999811172485, 0.9854999780654907, 0.9864000082015991, 0.9861000180244446, 0.9866999983787537, 0.9868999719619751, 0.9868999719619751, 0.9869999885559082, 0.9872000217437744, 0.9873999953269958], "test_error": 0.0108, "filter_size": 7}