{"lr": 0.0001, "num_filters": 16, "batch_size": 128, "learning_curve": [0.18029999732971191, 0.29980000853538513, 0.4674000144004822, 0.613099992275238, 0.6963000297546387, 0.7429999709129333, 0.7694000005722046, 0.7894999980926514, 0.8059999942779541, 0.8198999762535095, 0.8306999802589417, 0.8410999774932861], "test_error": 0.1631}