{"lr": 0.1, "num_filters": 16, "batch_size": 128, "learning_curve": [0.9550999999046326, 0.9789000153541565, 0.9842000007629395, 0.9847999811172485, 0.9850999712944031, 0.98580002784729, 0.9861999750137329, 0.986299991607666, 0.9866999983787537, 0.9871000051498413, 0.9865999817848206, 0.9871000051498413], "test_error": 0.0109, "filter_size": 5}