{"test_error": 0.0068068068068068005, "batch_size": 18, "filter_size": 5, "num_filters": 45, "learning_curve": [0.981581581712843, 0.9867867874669599, 0.9884884885839513, 0.9908908906283679, 0.9881881886774355, 0.9882882890400586, 0.9885885893761575, 0.9895895901027026, 0.9892892894444165, 0.9904904908962078, 0.9890890893635449, 0.9891891900483553, 0.9902902902783575, 0.9889889887861303, 0.989489489525288, 0.988288287536518, 0.9903903902113974, 0.9884884885839513, 0.9909909908835952, 0.9893893891626651, 0.9910910908166353, 0.9893893898070395, 0.9904904904666247, 0.9890890893635449, 0.989289289229625, 0.9925925922823382, 0.9904904908962078, 0.9912912908975069, 0.9903903905335847, 0.9903903906409804, 0.991091090494448, 0.991591591555793, 0.9908908907357636, 0.9898898896870313, 0.9890890889339619, 0.9914914914079614, 0.9920920920801592, 0.9917917917440603, 0.9918918918918919, 0.9916916915962288, 0.9917917916366646, 0.9916916915962288, 0.9916916915962288, 0.9916916915962288, 0.9916916915962288, 0.9916916915962288, 0.9916916915962288, 0.9917917916366646, 0.9917917916366646, 0.9918918917844961], "lr": 0.061334475684028424}