{"lr": 0.001, "num_filters": 16, "batch_size": 128, "learning_curve": [0.8109999895095825, 0.8822000026702881, 0.8973000049591064, 0.9063000082969666, 0.9114999771118164, 0.9146000146865845, 0.9172000288963318, 0.9196000099182129, 0.9218999743461609, 0.9230999946594238, 0.9251999855041504, 0.9266999959945679], "test_error": 0.0737}