{"episode_rewards": [798.4013986013811, 812.7032258064398, 664.1504531721853, 852.820134228168, 861.7377162629643, 863.2551495016489, 823.4363636363449, 854.7839228295652, 781.7444444444272, 842.1728813559153, 879.9324503311133, 862.3468164793856, 758.8433962264032, 871.0460063897615, 782.1529411764507], "std": 55.2770048261015, "mean": 820.6351533628101}