{"episode_rewards": [553.3433070865984, 865.9016949152382, 746.4453674121265, 674.7077490774769, 832.6621908127037, 930.3999999999907, 694.0238267147884, 216.368047337275, 287.37396449702675, 856.4666666666533, 872.3085910652713, 852.8201342281682, 888.890909090891, 206.04999999999973, 799.4415770609156], "mean": 685.1469350643416, "std": 243.64995852881896}