{"episode_rewards": [846.9830985915294, 693.3483870967611, 915.2999999999893, 630.4397306397192, 158.2615384615431, 425.7259259259087, 554.9724137930858, 868.9780821917603, 783.8125391849334, 239.03303834808747, 715.1310104529455, 816.4666666666507, 55.93382899628704, 830.9475409835912, 594.0446043165291], "std": 263.6155952801755, "mean": 608.6252270432881}