{"episode_rewards": [217.0, 256.0, 154.0, 468.0, 264.0, 217.0, 234.0, 302.0, 187.0, 214.0, 257.0, 290.0, 179.0, 281.0, 199.0], "mean": 247.93333333333334, "std": 71.90870755494234}