{"episode_rewards": [700.0, 854.0, 524.0, 620.0, 414.0, 656.0, 1002.0, 682.0, 642.0, 1002.0, 562.0, 682.0, 840.0, 671.0, 618.0], "mean": 697.9333333333333, "std": 158.61671482609336}