{"episode_rewards": [237.0, 199.0, 181.0, 203.0, 182.0, 401.0, 183.0, 173.0, 500.0, 177.0, 190.0, 182.0, 489.0, 223.0, 171.0], "mean": 246.06666666666666, "std": 111.80188827663969}