{"std": 33.165175845891255, "episode_rewards": [318.0, 335.0, 339.0, 300.0, 312.0, 335.0, 357.0, 293.0, 346.0, 322.0, 428.0, 295.0, 358.0, 307.0, 309.0], "mean": 330.26666666666665}