{"episode_rewards": [10.0, 8.0, 9.0, 9.0, 9.0, 9.0, 9.0, 9.0, 8.0, 9.0, 14.0, 9.0, 9.0, 18.0, 9.0], "mean": 9.866666666666667, "std": 2.55255862921022}