{"mean": 805.9318418593067, "std": 115.91555946162755, "episode_rewards": [811.5647058823309, 878.0608695652046, 872.4027397260066, 839.8749063670259, 416.6195718654278, 848.5179487179307, 876.3100671140733, 863.4363636363441, 830.5958477508519, 672.2358974358813, 873.5827715355658, 776.6328445747597, 833.7339339339137, 826.2214046822529, 869.1877551020281]}