{"mean": 842.4485157596368, "std": 73.14651723060624, "episode_rewards": [810.2477611940114, 861.4613418530203, 931.0999999999927, 828.3714285714121, 895.6677685950282, 874.7999999999801, 841.828985507233, 845.3782312925052, 790.4752411575389, 864.4302250803688, 600.9494252873413, 838.5755102040698, 881.8143884891886, 879.4610169491352, 892.1664122137265]}